7aa14dae8febdbfba9b19d1b9d99a75b,-122.326073111,47.6216003272
7aa14dae8febdbfba9b19d1b9d99a75b,-122.326905742,47.6212844431
7aa14dae8febdbfba9b19d1b9d99a75b,-122.327738374,47.620968559
7aa14dae8febdbfba9b19d1b9d99a75b,-122.328571005,47.6206526748
7aa14dae8febdbfba9b19d1b9d99a75b,-122.329403637,47.6203367907
7aa14dae8febdbfba9b19d1b9d99a75b,-122.330236268,47.6200209066
7aa14dae8febdbfba9b19d1b9d99a75b,-122.3310689,47.6197050225
7aa14dae8febdbfba9b19d1b9d99a75b,-122.331901532,47.6193891383
7aa14dae8febdbfba9b19d1b9d99a75b,-122.332734163,47.6190732542
7aa14dae8febdbfba9b19d1b9d99a75b,-122.333566795,47.6187573701
7aa14dae8febdbfba9b19d1b9d99a75b,-122.334399426,47.6184414859
7aa14dae8febdbfba9b19d1b9d99a75b,-122.317576761,47.625271843
7aa14dae8febdbfba9b19d1b9d99a75b,-122.317406726,47.6257845175
7aa14dae8febdbfba9b19d1b9d99a75b,-122.317236692,47.626297192
7aa14dae8febdbfba9b19d1b9d99a75b,-122.317066658,47.6268098665
7aa14dae8febdbfba9b19d1b9d99a75b,-122.316896624,47.627322541
7aa14dae8febdbfba9b19d1b9d99a75b,-122.31672659,47.6278352156
7aa14dae8febdbfba9b19d1b9d99a75b,-122.316556556,47.6283478901
7aa14dae8febdbfba9b19d1b9d99a75b,-122.316386522,47.6288605646
7aa14dae8febdbfba9b19d1b9d99a75b,-122.316216488,47.6293732391
7aa14dae8febdbfba9b19d1b9d99a75b,-122.316046453,47.6298859136
7aa14dae8febdbfba9b19d1b9d99a75b,-122.318808442,47.6196946786
7aa14dae8febdbfba9b19d1b9d99a75b,-122.318169748,47.6197569338
7aa14dae8febdbfba9b19d1b9d99a75b,-122.317531054,47.619819189
7aa14dae8febdbfba9b19d1b9d99a75b,-122.31689236,47.6198814442
7aa14dae8febdbfba9b19d1b9d99a75b,-122.316253666,47.6199436994
7aa14dae8febdbfba9b19d1b9d99a75b,-122.315614972,47.6200059545
7aa14dae8febdbfba9b19d1b9d99a75b,-122.314976278,47.6200682097
7aa14dae8febdbfba9b19d1b9d99a75b,-122.314337584,47.6201304649
7aa14dae8febdbfba9b19d1b9d99a75b,-122.31369889,47.6201927201
7aa14dae8febdbfba9b19d1b9d99a75b,-122.313060196,47.6202549753
7aa14dae8febdbfba9b19d1b9d99a75b,-122.326154668,47.6189742142
7aa14dae8febdbfba9b19d1b9d99a75b,-122.326475259,47.6189385566
7aa14dae8febdbfba9b19d1b9d99a75b,-122.326795851,47.6189028991
7aa14dae8febdbfba9b19d1b9d99a75b,-122.327116443,47.6188672416
7aa14dae8febdbfba9b19d1b9d99a75b,-122.327437034,47.6188315841
7aa14dae8febdbfba9b19d1b9d99a75b,-122.327757626,47.6187959265
7aa14dae8febdbfba9b19d1b9d99a75b,-122.328078218,47.618760269
7aa14dae8febdbfba9b19d1b9d99a75b,-122.32839881,47.6187246115
7aa14dae8febdbfba9b19d1b9d99a75b,-122.328719401,47.618688954
7aa14dae8febdbfba9b19d1b9d99a75b,-122.329039993,47.6186532964
